Cinta adhesiva Reciclable;23
Cartulina No mancha;23
Calculadora Económico;23
Pegamento Resistente al desgaste;22
Tijeras A prueba de agua;20
Lápices de colores Alta calidad;19
Cartulina Ligero;19
Agenda Multifuncional;19
Goma de borrar Económico;17
Calculadora Diseño ergonómico;17
Papel de carta Alta calidad;16
Cinta correctora Libre de ácido;14
Grapas Diseño ergonómico;14
Block de notas Resistente al desgaste;14
Calculadora Suave al tacto;14
Tabla de cortar Reciclable;13
Sellos Ligero;13
Papel de carta Libre de ácido;13
Block de notas Colores vibrantes;13
Cartulina Brilloso;12
Tijeras Sin olor;12
Post-it Resistente a la rotura;11
Cinta adhesiva Ecológico;10
Libreta Sin olor;10
Pluma Ecológico;9
Bolígrafo de gel Ligero;9
Sellos Multifuncional;9
Carpeta Brilloso;9
Post-it No tóxico;9
Tijeras A prueba de agua;9
Tijeras Antideslizante;8
Corrector líquido Suave al tacto;8
Tiza Suave al tacto;7
Calculadora Duradero;7
Clasificadores Suave al tacto;7
Papel Multifuncional;7
Cinta correctora Fácil de transportar;6
Tijeras Borrado fácil;6
Papelera Suave al tacto;6
Tiza Borrado fácil;6
Cinta correctora Alta calidad;5
Rotulador permanente No tóxico;4
Clips Multifuncional;4
Etiquetas Fácil de transportar;4
Agenda Colores vibrantes;4
Papel No mancha;3
Portaminas Reciclable;3
Papel de carta Reciclable;2
Bandeja organizadora Fácil de transportar;1
Grapadora Antideslizante;1
Rotulador permanente Suave al tacto;1
Clips Fácil de transportar;0
Clips Fácil de transportar;0
Clips Fácil de transportar;0
Clips Fácil de transportar;0
Clips Fácil de transportar;0
Clips Fácil de transportar;0
Clips Fácil de transportar;0
Clips Fácil de transportar;0
Clips Fácil de transportar;0
Clips Fácil de transportar;0
Clips Fácil de transportar;0
Clips Fácil de transportar;0
